UPDATE `users` SET `nick` = 'demo', `password` = '$2a$08$KkeJhwziZmDw/BqsWyofi.BAeGATbPbrX9o333./Rs9FAMAUNZ.x2', `email` = 'demo@staddium.org' WHERE `users`.`id` = 1;
INSERT INTO `users` (`id`, `nick`, `password`, `creation`, `last_activity`, `email`, `banned`, `active`, `suspended`, `must_change_password`) VALUES (3, 'dantek', '$2a$08$nsf0ouWJVE4PW6qUS9mkZOyg/FimJsJ3oCCgWPUsqV1RnGmZa9AJi', '0000-00-00 00:00:00', NULL, 'dantek.xtr@gmail.com', 0, 1, 0, 0);
INSERT INTO `users` (`id`, `nick`, `password`, `creation`, `last_activity`, `email`, `banned`, `active`, `suspended`, `must_change_password`) VALUES (4, 'xeno', '$2a$08$nsf0ouWJVE4PW6qUS9mkZOyg/FimJsJ3oCCgWPUsqV1RnGmZa9AJi', '0000-00-00 00:00:00', NULL, 'xeno@playmoar.com', 0, 1, 0, 0);

DELETE FROM `teams` WHERE `teams`.`id` = 1;

INSERT INTO `teams` (`id`, `games_id`, `name`, `tag`, `active`, `creation`) VALUES ('1', '1', 'Equipo #1', 'e#1', '1', CURRENT_TIMESTAMP);
INSERT INTO `teams` (`id`, `games_id`, `name`, `tag`, `active`, `creation`) VALUES ('2', '1', 'Equipo #2', 'e#2', '1', CURRENT_TIMESTAMP);
INSERT INTO `teams` (`id`, `games_id`, `name`, `tag`, `active`, `creation`) VALUES ('3', '1', 'Equipo #3', 'e#3', '1', CURRENT_TIMESTAMP);
INSERT INTO `teams` (`id`, `games_id`, `name`, `tag`, `active`, `creation`) VALUES ('4', '1', 'Equipo #4', 'e#4', '1', CURRENT_TIMESTAMP);
INSERT INTO `teams` (`id`, `games_id`, `name`, `tag`, `active`, `creation`) VALUES ('5', '1', 'Equipo #5', 'e#5', '1', CURRENT_TIMESTAMP);
INSERT INTO `teams` (`id`, `games_id`, `name`, `tag`, `active`, `creation`) VALUES ('6', '1', 'Equipo #6', 'e#6', '1', CURRENT_TIMESTAMP);
INSERT INTO `teams` (`id`, `games_id`, `name`, `tag`, `active`, `creation`) VALUES ('7', '1', 'Equipo #7', 'e#7', '1', CURRENT_TIMESTAMP);
INSERT INTO `teams` (`id`, `games_id`, `name`, `tag`, `active`, `creation`) VALUES ('8', '1', 'Equipo #8', 'e#8', '1', CURRENT_TIMESTAMP);
INSERT INTO `teams` (`id`, `games_id`, `name`, `tag`, `active`, `creation`) VALUES ('9', '1', 'Equipo #9', 'e#9', '1', CURRENT_TIMESTAMP);
INSERT INTO `teams` (`id`, `games_id`, `name`, `tag`, `active`, `creation`) VALUES ('10', '1', 'Equipo #10', 'e#10', '1', CURRENT_TIMESTAMP);
INSERT INTO `teams` (`id`, `games_id`, `name`, `tag`, `active`, `creation`) VALUES ('11', '1', 'Equipo #11', 'e#11', '1', CURRENT_TIMESTAMP);
INSERT INTO `teams` (`id`, `games_id`, `name`, `tag`, `active`, `creation`) VALUES ('12', '1', 'Equipo #12', 'e#12', '1', CURRENT_TIMESTAMP);
INSERT INTO `teams` (`id`, `games_id`, `name`, `tag`, `active`, `creation`) VALUES ('13', '1', 'Equipo #13', 'e#13', '1', CURRENT_TIMESTAMP);
INSERT INTO `teams` (`id`, `games_id`, `name`, `tag`, `active`, `creation`) VALUES ('14', '1', 'Equipo #14', 'e#14', '1', CURRENT_TIMESTAMP);
INSERT INTO `teams` (`id`, `games_id`, `name`, `tag`, `active`, `creation`) VALUES ('15', '1', 'Equipo #15', 'e#15', '1', CURRENT_TIMESTAMP);
INSERT INTO `teams` (`id`, `games_id`, `name`, `tag`, `active`, `creation`) VALUES ('16', '1', 'Equipo #16', 'e#16', '1', CURRENT_TIMESTAMP);
INSERT INTO `teams` (`id`, `games_id`, `name`, `tag`, `active`, `creation`) VALUES ('17', '1', 'Equipo #17', 'e#17', '1', CURRENT_TIMESTAMP);
INSERT INTO `teams` (`id`, `games_id`, `name`, `tag`, `active`, `creation`) VALUES ('18', '1', 'Equipo #18', 'e#18', '1', CURRENT_TIMESTAMP);
INSERT INTO `teams` (`id`, `games_id`, `name`, `tag`, `active`, `creation`) VALUES ('19', '1', 'Equipo #19', 'e#19', '1', CURRENT_TIMESTAMP);
INSERT INTO `teams` (`id`, `games_id`, `name`, `tag`, `active`, `creation`) VALUES ('20', '1', 'Equipo #20', 'e#20', '1', CURRENT_TIMESTAMP);
INSERT INTO `teams` (`id`, `games_id`, `name`, `tag`, `active`, `creation`) VALUES ('21', '1', 'Equipo #21', 'e#21', '1', CURRENT_TIMESTAMP);
INSERT INTO `teams` (`id`, `games_id`, `name`, `tag`, `active`, `creation`) VALUES ('22', '1', 'Equipo #22', 'e#22', '1', CURRENT_TIMESTAMP);
INSERT INTO `teams` (`id`, `games_id`, `name`, `tag`, `active`, `creation`) VALUES ('23', '1', 'Equipo #23', 'e#23', '1', CURRENT_TIMESTAMP);
INSERT INTO `teams` (`id`, `games_id`, `name`, `tag`, `active`, `creation`) VALUES ('24', '1', 'Equipo #24', 'e#24', '1', CURRENT_TIMESTAMP);
INSERT INTO `teams` (`id`, `games_id`, `name`, `tag`, `active`, `creation`) VALUES ('25', '1', 'Equipo #25', 'e#25', '1', CURRENT_TIMESTAMP);
INSERT INTO `teams` (`id`, `games_id`, `name`, `tag`, `active`, `creation`) VALUES ('26', '1', 'Equipo #26', 'e#26', '1', CURRENT_TIMESTAMP);
INSERT INTO `teams` (`id`, `games_id`, `name`, `tag`, `active`, `creation`) VALUES ('27', '1', 'Equipo #27', 'e#27', '1', CURRENT_TIMESTAMP);
INSERT INTO `teams` (`id`, `games_id`, `name`, `tag`, `active`, `creation`) VALUES ('28', '1', 'Equipo #28', 'e#28', '1', CURRENT_TIMESTAMP);
INSERT INTO `teams` (`id`, `games_id`, `name`, `tag`, `active`, `creation`) VALUES ('29', '1', 'Equipo #29', 'e#29', '1', CURRENT_TIMESTAMP);
INSERT INTO `teams` (`id`, `games_id`, `name`, `tag`, `active`, `creation`) VALUES ('30', '1', 'Equipo #30', 'e#30', '1', CURRENT_TIMESTAMP);
INSERT INTO `teams` (`id`, `games_id`, `name`, `tag`, `active`, `creation`) VALUES ('31', '1', 'Equipo #31', 'e#31', '1', CURRENT_TIMESTAMP);
INSERT INTO `teams` (`id`, `games_id`, `name`, `tag`, `active`, `creation`) VALUES ('32', '1', 'Equipo #32', 'e#32', '1', CURRENT_TIMESTAMP);
INSERT INTO `teams` (`id`, `games_id`, `name`, `tag`, `active`, `creation`) VALUES ('33', '1', 'Equipo #33', 'e#33', '1', CURRENT_TIMESTAMP);
INSERT INTO `teams` (`id`, `games_id`, `name`, `tag`, `active`, `creation`) VALUES ('34', '1', 'Equipo #34', 'e#34', '1', CURRENT_TIMESTAMP);
INSERT INTO `teams` (`id`, `games_id`, `name`, `tag`, `active`, `creation`) VALUES ('35', '1', 'Equipo #35', 'e#35', '1', CURRENT_TIMESTAMP);
INSERT INTO `teams` (`id`, `games_id`, `name`, `tag`, `active`, `creation`) VALUES ('36', '1', 'Equipo #36', 'e#36', '1', CURRENT_TIMESTAMP);
INSERT INTO `teams` (`id`, `games_id`, `name`, `tag`, `active`, `creation`) VALUES ('37', '1', 'Equipo #37', 'e#37', '1', CURRENT_TIMESTAMP);
INSERT INTO `teams` (`id`, `games_id`, `name`, `tag`, `active`, `creation`) VALUES ('38', '1', 'Equipo #38', 'e#38', '1', CURRENT_TIMESTAMP);
INSERT INTO `teams` (`id`, `games_id`, `name`, `tag`, `active`, `creation`) VALUES ('39', '1', 'Equipo #39', 'e#39', '1', CURRENT_TIMESTAMP);
INSERT INTO `teams` (`id`, `games_id`, `name`, `tag`, `active`, `creation`) VALUES ('40', '1', 'Equipo #40', 'e#40', '1', CURRENT_TIMESTAMP);
INSERT INTO `teams` (`id`, `games_id`, `name`, `tag`, `active`, `creation`) VALUES ('41', '1', 'Equipo #41', 'e#41', '1', CURRENT_TIMESTAMP);
INSERT INTO `teams` (`id`, `games_id`, `name`, `tag`, `active`, `creation`) VALUES ('42', '1', 'Equipo #42', 'e#42', '1', CURRENT_TIMESTAMP);
INSERT INTO `teams` (`id`, `games_id`, `name`, `tag`, `active`, `creation`) VALUES ('43', '1', 'Equipo #43', 'e#43', '1', CURRENT_TIMESTAMP);
INSERT INTO `teams` (`id`, `games_id`, `name`, `tag`, `active`, `creation`) VALUES ('44', '1', 'Equipo #44', 'e#44', '1', CURRENT_TIMESTAMP);
INSERT INTO `teams` (`id`, `games_id`, `name`, `tag`, `active`, `creation`) VALUES ('45', '1', 'Equipo #45', 'e#45', '1', CURRENT_TIMESTAMP);
INSERT INTO `teams` (`id`, `games_id`, `name`, `tag`, `active`, `creation`) VALUES ('46', '1', 'Equipo #46', 'e#46', '1', CURRENT_TIMESTAMP);
INSERT INTO `teams` (`id`, `games_id`, `name`, `tag`, `active`, `creation`) VALUES ('47', '1', 'Equipo #47', 'e#47', '1', CURRENT_TIMESTAMP);
INSERT INTO `teams` (`id`, `games_id`, `name`, `tag`, `active`, `creation`) VALUES ('48', '1', 'Equipo #48', 'e#48', '1', CURRENT_TIMESTAMP);
INSERT INTO `teams` (`id`, `games_id`, `name`, `tag`, `active`, `creation`) VALUES ('49', '1', 'Equipo #49', 'e#49', '1', CURRENT_TIMESTAMP);
INSERT INTO `teams` (`id`, `games_id`, `name`, `tag`, `active`, `creation`) VALUES ('50', '1', 'Equipo #50', 'e#50', '1', CURRENT_TIMESTAMP);
INSERT INTO `teams` (`id`, `games_id`, `name`, `tag`, `active`, `creation`) VALUES ('51', '1', 'Equipo #51', 'e#51', '1', CURRENT_TIMESTAMP);
INSERT INTO `teams` (`id`, `games_id`, `name`, `tag`, `active`, `creation`) VALUES ('52', '1', 'Equipo #52', 'e#52', '1', CURRENT_TIMESTAMP);
INSERT INTO `teams` (`id`, `games_id`, `name`, `tag`, `active`, `creation`) VALUES ('53', '1', 'Equipo #53', 'e#53', '1', CURRENT_TIMESTAMP);
INSERT INTO `teams` (`id`, `games_id`, `name`, `tag`, `active`, `creation`) VALUES ('54', '1', 'Equipo #54', 'e#54', '1', CURRENT_TIMESTAMP);
INSERT INTO `teams` (`id`, `games_id`, `name`, `tag`, `active`, `creation`) VALUES ('55', '1', 'Equipo #55', 'e#55', '1', CURRENT_TIMESTAMP);
INSERT INTO `teams` (`id`, `games_id`, `name`, `tag`, `active`, `creation`) VALUES ('56', '1', 'Equipo #56', 'e#56', '1', CURRENT_TIMESTAMP);
INSERT INTO `teams` (`id`, `games_id`, `name`, `tag`, `active`, `creation`) VALUES ('57', '1', 'Equipo #57', 'e#57', '1', CURRENT_TIMESTAMP);
INSERT INTO `teams` (`id`, `games_id`, `name`, `tag`, `active`, `creation`) VALUES ('58', '1', 'Equipo #58', 'e#58', '1', CURRENT_TIMESTAMP);
INSERT INTO `teams` (`id`, `games_id`, `name`, `tag`, `active`, `creation`) VALUES ('59', '1', 'Equipo #59', 'e#59', '1', CURRENT_TIMESTAMP);
INSERT INTO `teams` (`id`, `games_id`, `name`, `tag`, `active`, `creation`) VALUES ('60', '1', 'Equipo #60', 'e#60', '1', CURRENT_TIMESTAMP);
INSERT INTO `teams` (`id`, `games_id`, `name`, `tag`, `active`, `creation`) VALUES ('61', '1', 'Equipo #61', 'e#61', '1', CURRENT_TIMESTAMP);
INSERT INTO `teams` (`id`, `games_id`, `name`, `tag`, `active`, `creation`) VALUES ('62', '1', 'Equipo #62', 'e#62', '1', CURRENT_TIMESTAMP);
INSERT INTO `teams` (`id`, `games_id`, `name`, `tag`, `active`, `creation`) VALUES ('63', '1', 'Equipo #63', 'e#63', '1', CURRENT_TIMESTAMP);
INSERT INTO `teams` (`id`, `games_id`, `name`, `tag`, `active`, `creation`) VALUES ('64', '1', 'Equipo #64', 'e#64', '1', CURRENT_TIMESTAMP);
INSERT INTO `teams` (`id`, `games_id`, `name`, `tag`, `active`, `creation`) VALUES ('65', '1', 'Equipo #65', 'e#65', '1', CURRENT_TIMESTAMP);
INSERT INTO `teams` (`id`, `games_id`, `name`, `tag`, `active`, `creation`) VALUES ('66', '1', 'Equipo #66', 'e#66', '1', CURRENT_TIMESTAMP);
INSERT INTO `teams` (`id`, `games_id`, `name`, `tag`, `active`, `creation`) VALUES ('67', '1', 'Equipo #67', 'e#67', '1', CURRENT_TIMESTAMP);
INSERT INTO `teams` (`id`, `games_id`, `name`, `tag`, `active`, `creation`) VALUES ('68', '1', 'Equipo #68', 'e#68', '1', CURRENT_TIMESTAMP);
INSERT INTO `teams` (`id`, `games_id`, `name`, `tag`, `active`, `creation`) VALUES ('69', '1', 'Equipo #69', 'e#69', '1', CURRENT_TIMESTAMP);
INSERT INTO `teams` (`id`, `games_id`, `name`, `tag`, `active`, `creation`) VALUES ('70', '1', 'Equipo #70', 'e#70', '1', CURRENT_TIMESTAMP);
INSERT INTO `teams` (`id`, `games_id`, `name`, `tag`, `active`, `creation`) VALUES ('71', '1', 'Equipo #71', 'e#71', '1', CURRENT_TIMESTAMP);
INSERT INTO `teams` (`id`, `games_id`, `name`, `tag`, `active`, `creation`) VALUES ('72', '1', 'Equipo #72', 'e#72', '1', CURRENT_TIMESTAMP);
INSERT INTO `teams` (`id`, `games_id`, `name`, `tag`, `active`, `creation`) VALUES ('73', '1', 'Equipo #73', 'e#73', '1', CURRENT_TIMESTAMP);
INSERT INTO `teams` (`id`, `games_id`, `name`, `tag`, `active`, `creation`) VALUES ('74', '1', 'Equipo #74', 'e#74', '1', CURRENT_TIMESTAMP);
INSERT INTO `teams` (`id`, `games_id`, `name`, `tag`, `active`, `creation`) VALUES ('75', '1', 'Equipo #75', 'e#75', '1', CURRENT_TIMESTAMP);
INSERT INTO `teams` (`id`, `games_id`, `name`, `tag`, `active`, `creation`) VALUES ('76', '1', 'Equipo #76', 'e#76', '1', CURRENT_TIMESTAMP);
INSERT INTO `teams` (`id`, `games_id`, `name`, `tag`, `active`, `creation`) VALUES ('77', '1', 'Equipo #77', 'e#77', '1', CURRENT_TIMESTAMP);
INSERT INTO `teams` (`id`, `games_id`, `name`, `tag`, `active`, `creation`) VALUES ('78', '1', 'Equipo #78', 'e#78', '1', CURRENT_TIMESTAMP);
INSERT INTO `teams` (`id`, `games_id`, `name`, `tag`, `active`, `creation`) VALUES ('79', '1', 'Equipo #79', 'e#79', '1', CURRENT_TIMESTAMP);
INSERT INTO `teams` (`id`, `games_id`, `name`, `tag`, `active`, `creation`) VALUES ('80', '1', 'Equipo #80', 'e#80', '1', CURRENT_TIMESTAMP);
INSERT INTO `teams` (`id`, `games_id`, `name`, `tag`, `active`, `creation`) VALUES ('81', '1', 'Equipo #81', 'e#81', '1', CURRENT_TIMESTAMP);
INSERT INTO `teams` (`id`, `games_id`, `name`, `tag`, `active`, `creation`) VALUES ('82', '1', 'Equipo #82', 'e#82', '1', CURRENT_TIMESTAMP);
INSERT INTO `teams` (`id`, `games_id`, `name`, `tag`, `active`, `creation`) VALUES ('83', '1', 'Equipo #83', 'e#83', '1', CURRENT_TIMESTAMP);
INSERT INTO `teams` (`id`, `games_id`, `name`, `tag`, `active`, `creation`) VALUES ('84', '1', 'Equipo #84', 'e#84', '1', CURRENT_TIMESTAMP);
INSERT INTO `teams` (`id`, `games_id`, `name`, `tag`, `active`, `creation`) VALUES ('85', '1', 'Equipo #85', 'e#85', '1', CURRENT_TIMESTAMP);
INSERT INTO `teams` (`id`, `games_id`, `name`, `tag`, `active`, `creation`) VALUES ('86', '1', 'Equipo #86', 'e#86', '1', CURRENT_TIMESTAMP);
INSERT INTO `teams` (`id`, `games_id`, `name`, `tag`, `active`, `creation`) VALUES ('87', '1', 'Equipo #87', 'e#87', '1', CURRENT_TIMESTAMP);
INSERT INTO `teams` (`id`, `games_id`, `name`, `tag`, `active`, `creation`) VALUES ('88', '1', 'Equipo #88', 'e#88', '1', CURRENT_TIMESTAMP);
INSERT INTO `teams` (`id`, `games_id`, `name`, `tag`, `active`, `creation`) VALUES ('89', '1', 'Equipo #89', 'e#89', '1', CURRENT_TIMESTAMP);
INSERT INTO `teams` (`id`, `games_id`, `name`, `tag`, `active`, `creation`) VALUES ('90', '1', 'Equipo #90', 'e#90', '1', CURRENT_TIMESTAMP);
INSERT INTO `teams` (`id`, `games_id`, `name`, `tag`, `active`, `creation`) VALUES ('91', '1', 'Equipo #91', 'e#91', '1', CURRENT_TIMESTAMP);
INSERT INTO `teams` (`id`, `games_id`, `name`, `tag`, `active`, `creation`) VALUES ('92', '1', 'Equipo #92', 'e#92', '1', CURRENT_TIMESTAMP);
INSERT INTO `teams` (`id`, `games_id`, `name`, `tag`, `active`, `creation`) VALUES ('93', '1', 'Equipo #93', 'e#93', '1', CURRENT_TIMESTAMP);
INSERT INTO `teams` (`id`, `games_id`, `name`, `tag`, `active`, `creation`) VALUES ('94', '1', 'Equipo #94', 'e#94', '1', CURRENT_TIMESTAMP);
INSERT INTO `teams` (`id`, `games_id`, `name`, `tag`, `active`, `creation`) VALUES ('95', '1', 'Equipo #95', 'e#95', '1', CURRENT_TIMESTAMP);
INSERT INTO `teams` (`id`, `games_id`, `name`, `tag`, `active`, `creation`) VALUES ('96', '1', 'Equipo #96', 'e#96', '1', CURRENT_TIMESTAMP);
INSERT INTO `teams` (`id`, `games_id`, `name`, `tag`, `active`, `creation`) VALUES ('97', '1', 'Equipo #97', 'e#97', '1', CURRENT_TIMESTAMP);
INSERT INTO `teams` (`id`, `games_id`, `name`, `tag`, `active`, `creation`) VALUES ('98', '1', 'Equipo #98', 'e#98', '1', CURRENT_TIMESTAMP);
INSERT INTO `teams` (`id`, `games_id`, `name`, `tag`, `active`, `creation`) VALUES ('99', '1', 'Equipo #99', 'e#99', '1', CURRENT_TIMESTAMP);
INSERT INTO `teams` (`id`, `games_id`, `name`, `tag`, `active`, `creation`) VALUES ('100', '1', 'Equipo #100', 'e#100', '1', CURRENT_TIMESTAMP);
INSERT INTO `teams` (`id`, `games_id`, `name`, `tag`, `active`, `creation`) VALUES ('101', '1', 'Equipo #101', 'e#101', '1', CURRENT_TIMESTAMP);
INSERT INTO `teams` (`id`, `games_id`, `name`, `tag`, `active`, `creation`) VALUES ('102', '1', 'Equipo #102', 'e#102', '1', CURRENT_TIMESTAMP);
INSERT INTO `teams` (`id`, `games_id`, `name`, `tag`, `active`, `creation`) VALUES ('103', '1', 'Equipo #103', 'e#103', '1', CURRENT_TIMESTAMP);
INSERT INTO `teams` (`id`, `games_id`, `name`, `tag`, `active`, `creation`) VALUES ('104', '1', 'Equipo #104', 'e#104', '1', CURRENT_TIMESTAMP);
INSERT INTO `teams` (`id`, `games_id`, `name`, `tag`, `active`, `creation`) VALUES ('105', '1', 'Equipo #105', 'e#105', '1', CURRENT_TIMESTAMP);
INSERT INTO `teams` (`id`, `games_id`, `name`, `tag`, `active`, `creation`) VALUES ('106', '1', 'Equipo #106', 'e#106', '1', CURRENT_TIMESTAMP);
INSERT INTO `teams` (`id`, `games_id`, `name`, `tag`, `active`, `creation`) VALUES ('107', '1', 'Equipo #107', 'e#107', '1', CURRENT_TIMESTAMP);
INSERT INTO `teams` (`id`, `games_id`, `name`, `tag`, `active`, `creation`) VALUES ('108', '1', 'Equipo #108', 'e#108', '1', CURRENT_TIMESTAMP);
INSERT INTO `teams` (`id`, `games_id`, `name`, `tag`, `active`, `creation`) VALUES ('109', '1', 'Equipo #109', 'e#109', '1', CURRENT_TIMESTAMP);
INSERT INTO `teams` (`id`, `games_id`, `name`, `tag`, `active`, `creation`) VALUES ('110', '1', 'Equipo #110', 'e#110', '1', CURRENT_TIMESTAMP);
INSERT INTO `teams` (`id`, `games_id`, `name`, `tag`, `active`, `creation`) VALUES ('111', '1', 'Equipo #111', 'e#111', '1', CURRENT_TIMESTAMP);
INSERT INTO `teams` (`id`, `games_id`, `name`, `tag`, `active`, `creation`) VALUES ('112', '1', 'Equipo #112', 'e#112', '1', CURRENT_TIMESTAMP);
INSERT INTO `teams` (`id`, `games_id`, `name`, `tag`, `active`, `creation`) VALUES ('113', '1', 'Equipo #113', 'e#113', '1', CURRENT_TIMESTAMP);
INSERT INTO `teams` (`id`, `games_id`, `name`, `tag`, `active`, `creation`) VALUES ('114', '1', 'Equipo #114', 'e#114', '1', CURRENT_TIMESTAMP);
INSERT INTO `teams` (`id`, `games_id`, `name`, `tag`, `active`, `creation`) VALUES ('115', '1', 'Equipo #115', 'e#115', '1', CURRENT_TIMESTAMP);
INSERT INTO `teams` (`id`, `games_id`, `name`, `tag`, `active`, `creation`) VALUES ('116', '1', 'Equipo #116', 'e#116', '1', CURRENT_TIMESTAMP);
INSERT INTO `teams` (`id`, `games_id`, `name`, `tag`, `active`, `creation`) VALUES ('117', '1', 'Equipo #117', 'e#117', '1', CURRENT_TIMESTAMP);
INSERT INTO `teams` (`id`, `games_id`, `name`, `tag`, `active`, `creation`) VALUES ('118', '1', 'Equipo #118', 'e#118', '1', CURRENT_TIMESTAMP);
INSERT INTO `teams` (`id`, `games_id`, `name`, `tag`, `active`, `creation`) VALUES ('119', '1', 'Equipo #119', 'e#119', '1', CURRENT_TIMESTAMP);
INSERT INTO `teams` (`id`, `games_id`, `name`, `tag`, `active`, `creation`) VALUES ('120', '1', 'Equipo #120', 'e#120', '1', CURRENT_TIMESTAMP);
INSERT INTO `teams` (`id`, `games_id`, `name`, `tag`, `active`, `creation`) VALUES ('121', '1', 'Equipo #121', 'e#121', '1', CURRENT_TIMESTAMP);
INSERT INTO `teams` (`id`, `games_id`, `name`, `tag`, `active`, `creation`) VALUES ('122', '1', 'Equipo #122', 'e#122', '1', CURRENT_TIMESTAMP);
INSERT INTO `teams` (`id`, `games_id`, `name`, `tag`, `active`, `creation`) VALUES ('123', '1', 'Equipo #123', 'e#123', '1', CURRENT_TIMESTAMP);
INSERT INTO `teams` (`id`, `games_id`, `name`, `tag`, `active`, `creation`) VALUES ('124', '1', 'Equipo #124', 'e#124', '1', CURRENT_TIMESTAMP);
INSERT INTO `teams` (`id`, `games_id`, `name`, `tag`, `active`, `creation`) VALUES ('125', '1', 'Equipo #125', 'e#125', '1', CURRENT_TIMESTAMP);
INSERT INTO `teams` (`id`, `games_id`, `name`, `tag`, `active`, `creation`) VALUES ('126', '1', 'Equipo #126', 'e#126', '1', CURRENT_TIMESTAMP);
INSERT INTO `teams` (`id`, `games_id`, `name`, `tag`, `active`, `creation`) VALUES ('127', '1', 'Equipo #127', 'e#127', '1', CURRENT_TIMESTAMP);
INSERT INTO `teams` (`id`, `games_id`, `name`, `tag`, `active`, `creation`) VALUES ('128', '1', 'Equipo #128', 'e#128', '1', CURRENT_TIMESTAMP);

INSERT INTO `competitions` (`id`, `games_id`, `events_id`, `start_time`, `end_time`, `game_mode_id`, `games_per_match`, `match_dates_by_admin`, `title`, `description`, `registration_start_time`, `registration_end_time`, `creation`, `rules`, `featured_start_time`, `featured_end_time`, `has_started`, `has_waiting_list`) VALUES ('1', '1', NULL, '2015-01-28 00:00:00.000000', '2015-02-27 00:00:00.000000', '1', '1', NULL, 'Competición DEMO', 'Competición ficticia para pruebas internas.', '2015-01-20 00:00:00.000000', '2015-01-21 00:00:00.000000', '2015-01-01 00:00:00.000000', '* Nadie habla sobre el Club de la Lucha
* NADIE habla sobre el Club de la Lucha
* La pelea termina cuando uno de los contendientes grita "alto", pierde la vertical o hace una señal
* Solo dos personas por pelea
* Solo una pelea a la vez
* Se pelea sin camisa y sin zapatos
* Cada pelea dura lo que tiene que durar
* Si esta es tu primera noche en El Club de la Lucha... entonces.. TIENES que pelear', '2015-01-30 00:00:00.000000', '2015-02-14 00:00:00.000000', NULL, NULL);

INSERT INTO `users_has_competitions` (`competitions_id`, `users_id`, `competition_privileges_id`, `joined`) VALUES ('1', '1', '1', CURRENT_TIMESTAMP);
INSERT INTO `tournaments` (`id`, `competitions_id`, `has_group_phase`, `is_double_elimination`, `num_rounds`, `num_group_phases`, `has_third_place`) VALUES ('1', '1', NULL, NULL, NULL, NULL, NULL);

INSERT INTO `competitions_has_teams` (`competitions_id`, `teams_id`, `state`, `join_date`, `accepted_by_users_id`, `rejected_by_users_id`, `apply_date`, `weight`, `has_assigned_matches`) VALUES ('1', '1', 'accepted', CURRENT_TIMESTAMP, '1', NULL, CURRENT_TIMESTAMP, '0', NULL);
INSERT INTO `competitions_has_teams` (`competitions_id`, `teams_id`, `state`, `join_date`, `accepted_by_users_id`, `rejected_by_users_id`, `apply_date`, `weight`, `has_assigned_matches`) VALUES ('1', '2', 'accepted', CURRENT_TIMESTAMP, '1', NULL, CURRENT_TIMESTAMP, '0', NULL);
INSERT INTO `competitions_has_teams` (`competitions_id`, `teams_id`, `state`, `join_date`, `accepted_by_users_id`, `rejected_by_users_id`, `apply_date`, `weight`, `has_assigned_matches`) VALUES ('1', '3', 'accepted', CURRENT_TIMESTAMP, '1', NULL, CURRENT_TIMESTAMP, '0', NULL);
INSERT INTO `competitions_has_teams` (`competitions_id`, `teams_id`, `state`, `join_date`, `accepted_by_users_id`, `rejected_by_users_id`, `apply_date`, `weight`, `has_assigned_matches`) VALUES ('1', '4', 'accepted', CURRENT_TIMESTAMP, '1', NULL, CURRENT_TIMESTAMP, '0', NULL);
INSERT INTO `competitions_has_teams` (`competitions_id`, `teams_id`, `state`, `join_date`, `accepted_by_users_id`, `rejected_by_users_id`, `apply_date`, `weight`, `has_assigned_matches`) VALUES ('1', '5', 'accepted', CURRENT_TIMESTAMP, '1', NULL, CURRENT_TIMESTAMP, '0', NULL);
INSERT INTO `competitions_has_teams` (`competitions_id`, `teams_id`, `state`, `join_date`, `accepted_by_users_id`, `rejected_by_users_id`, `apply_date`, `weight`, `has_assigned_matches`) VALUES ('1', '6', 'accepted', CURRENT_TIMESTAMP, '1', NULL, CURRENT_TIMESTAMP, '0', NULL);
INSERT INTO `competitions_has_teams` (`competitions_id`, `teams_id`, `state`, `join_date`, `accepted_by_users_id`, `rejected_by_users_id`, `apply_date`, `weight`, `has_assigned_matches`) VALUES ('1', '7', 'accepted', CURRENT_TIMESTAMP, '1', NULL, CURRENT_TIMESTAMP, '0', NULL);
INSERT INTO `competitions_has_teams` (`competitions_id`, `teams_id`, `state`, `join_date`, `accepted_by_users_id`, `rejected_by_users_id`, `apply_date`, `weight`, `has_assigned_matches`) VALUES ('1', '8', 'accepted', CURRENT_TIMESTAMP, '1', NULL, CURRENT_TIMESTAMP, '0', NULL);
INSERT INTO `competitions_has_teams` (`competitions_id`, `teams_id`, `state`, `join_date`, `accepted_by_users_id`, `rejected_by_users_id`, `apply_date`, `weight`, `has_assigned_matches`) VALUES ('1', '9', 'accepted', CURRENT_TIMESTAMP, '1', NULL, CURRENT_TIMESTAMP, '0', NULL);
INSERT INTO `competitions_has_teams` (`competitions_id`, `teams_id`, `state`, `join_date`, `accepted_by_users_id`, `rejected_by_users_id`, `apply_date`, `weight`, `has_assigned_matches`) VALUES ('1', '10', 'accepted', CURRENT_TIMESTAMP, '1', NULL, CURRENT_TIMESTAMP, '0', NULL);
INSERT INTO `competitions_has_teams` (`competitions_id`, `teams_id`, `state`, `join_date`, `accepted_by_users_id`, `rejected_by_users_id`, `apply_date`, `weight`, `has_assigned_matches`) VALUES ('1', '11', 'accepted', CURRENT_TIMESTAMP, '1', NULL, CURRENT_TIMESTAMP, '0', NULL);
INSERT INTO `competitions_has_teams` (`competitions_id`, `teams_id`, `state`, `join_date`, `accepted_by_users_id`, `rejected_by_users_id`, `apply_date`, `weight`, `has_assigned_matches`) VALUES ('1', '12', 'accepted', CURRENT_TIMESTAMP, '1', NULL, CURRENT_TIMESTAMP, '0', NULL);
INSERT INTO `competitions_has_teams` (`competitions_id`, `teams_id`, `state`, `join_date`, `accepted_by_users_id`, `rejected_by_users_id`, `apply_date`, `weight`, `has_assigned_matches`) VALUES ('1', '13', 'accepted', CURRENT_TIMESTAMP, '1', NULL, CURRENT_TIMESTAMP, '0', NULL);
INSERT INTO `competitions_has_teams` (`competitions_id`, `teams_id`, `state`, `join_date`, `accepted_by_users_id`, `rejected_by_users_id`, `apply_date`, `weight`, `has_assigned_matches`) VALUES ('1', '14', 'accepted', CURRENT_TIMESTAMP, '1', NULL, CURRENT_TIMESTAMP, '0', NULL);
INSERT INTO `competitions_has_teams` (`competitions_id`, `teams_id`, `state`, `join_date`, `accepted_by_users_id`, `rejected_by_users_id`, `apply_date`, `weight`, `has_assigned_matches`) VALUES ('1', '15', 'accepted', CURRENT_TIMESTAMP, '1', NULL, CURRENT_TIMESTAMP, '0', NULL);
INSERT INTO `competitions_has_teams` (`competitions_id`, `teams_id`, `state`, `join_date`, `accepted_by_users_id`, `rejected_by_users_id`, `apply_date`, `weight`, `has_assigned_matches`) VALUES ('1', '16', 'accepted', CURRENT_TIMESTAMP, '1', NULL, CURRENT_TIMESTAMP, '0', NULL);
INSERT INTO `competitions_has_teams` (`competitions_id`, `teams_id`, `state`, `join_date`, `accepted_by_users_id`, `rejected_by_users_id`, `apply_date`, `weight`, `has_assigned_matches`) VALUES ('1', '17', 'accepted', CURRENT_TIMESTAMP, '1', NULL, CURRENT_TIMESTAMP, '0', NULL);
INSERT INTO `competitions_has_teams` (`competitions_id`, `teams_id`, `state`, `join_date`, `accepted_by_users_id`, `rejected_by_users_id`, `apply_date`, `weight`, `has_assigned_matches`) VALUES ('1', '18', 'accepted', CURRENT_TIMESTAMP, '1', NULL, CURRENT_TIMESTAMP, '0', NULL);
INSERT INTO `competitions_has_teams` (`competitions_id`, `teams_id`, `state`, `join_date`, `accepted_by_users_id`, `rejected_by_users_id`, `apply_date`, `weight`, `has_assigned_matches`) VALUES ('1', '19', 'accepted', CURRENT_TIMESTAMP, '1', NULL, CURRENT_TIMESTAMP, '0', NULL);
INSERT INTO `competitions_has_teams` (`competitions_id`, `teams_id`, `state`, `join_date`, `accepted_by_users_id`, `rejected_by_users_id`, `apply_date`, `weight`, `has_assigned_matches`) VALUES ('1', '20', 'accepted', CURRENT_TIMESTAMP, '1', NULL, CURRENT_TIMESTAMP, '0', NULL);
INSERT INTO `competitions_has_teams` (`competitions_id`, `teams_id`, `state`, `join_date`, `accepted_by_users_id`, `rejected_by_users_id`, `apply_date`, `weight`, `has_assigned_matches`) VALUES ('1', '21', 'accepted', CURRENT_TIMESTAMP, '1', NULL, CURRENT_TIMESTAMP, '0', NULL);
INSERT INTO `competitions_has_teams` (`competitions_id`, `teams_id`, `state`, `join_date`, `accepted_by_users_id`, `rejected_by_users_id`, `apply_date`, `weight`, `has_assigned_matches`) VALUES ('1', '22', 'accepted', CURRENT_TIMESTAMP, '1', NULL, CURRENT_TIMESTAMP, '0', NULL);
INSERT INTO `competitions_has_teams` (`competitions_id`, `teams_id`, `state`, `join_date`, `accepted_by_users_id`, `rejected_by_users_id`, `apply_date`, `weight`, `has_assigned_matches`) VALUES ('1', '23', 'accepted', CURRENT_TIMESTAMP, '1', NULL, CURRENT_TIMESTAMP, '0', NULL);
INSERT INTO `competitions_has_teams` (`competitions_id`, `teams_id`, `state`, `join_date`, `accepted_by_users_id`, `rejected_by_users_id`, `apply_date`, `weight`, `has_assigned_matches`) VALUES ('1', '24', 'accepted', CURRENT_TIMESTAMP, '1', NULL, CURRENT_TIMESTAMP, '0', NULL);
INSERT INTO `competitions_has_teams` (`competitions_id`, `teams_id`, `state`, `join_date`, `accepted_by_users_id`, `rejected_by_users_id`, `apply_date`, `weight`, `has_assigned_matches`) VALUES ('1', '25', 'accepted', CURRENT_TIMESTAMP, '1', NULL, CURRENT_TIMESTAMP, '0', NULL);
INSERT INTO `competitions_has_teams` (`competitions_id`, `teams_id`, `state`, `join_date`, `accepted_by_users_id`, `rejected_by_users_id`, `apply_date`, `weight`, `has_assigned_matches`) VALUES ('1', '26', 'accepted', CURRENT_TIMESTAMP, '1', NULL, CURRENT_TIMESTAMP, '0', NULL);
INSERT INTO `competitions_has_teams` (`competitions_id`, `teams_id`, `state`, `join_date`, `accepted_by_users_id`, `rejected_by_users_id`, `apply_date`, `weight`, `has_assigned_matches`) VALUES ('1', '27', 'accepted', CURRENT_TIMESTAMP, '1', NULL, CURRENT_TIMESTAMP, '0', NULL);
INSERT INTO `competitions_has_teams` (`competitions_id`, `teams_id`, `state`, `join_date`, `accepted_by_users_id`, `rejected_by_users_id`, `apply_date`, `weight`, `has_assigned_matches`) VALUES ('1', '28', 'accepted', CURRENT_TIMESTAMP, '1', NULL, CURRENT_TIMESTAMP, '0', NULL);
INSERT INTO `competitions_has_teams` (`competitions_id`, `teams_id`, `state`, `join_date`, `accepted_by_users_id`, `rejected_by_users_id`, `apply_date`, `weight`, `has_assigned_matches`) VALUES ('1', '29', 'accepted', CURRENT_TIMESTAMP, '1', NULL, CURRENT_TIMESTAMP, '0', NULL);
INSERT INTO `competitions_has_teams` (`competitions_id`, `teams_id`, `state`, `join_date`, `accepted_by_users_id`, `rejected_by_users_id`, `apply_date`, `weight`, `has_assigned_matches`) VALUES ('1', '30', 'accepted', CURRENT_TIMESTAMP, '1', NULL, CURRENT_TIMESTAMP, '0', NULL);
INSERT INTO `competitions_has_teams` (`competitions_id`, `teams_id`, `state`, `join_date`, `accepted_by_users_id`, `rejected_by_users_id`, `apply_date`, `weight`, `has_assigned_matches`) VALUES ('1', '31', 'accepted', CURRENT_TIMESTAMP, '1', NULL, CURRENT_TIMESTAMP, '0', NULL);
INSERT INTO `competitions_has_teams` (`competitions_id`, `teams_id`, `state`, `join_date`, `accepted_by_users_id`, `rejected_by_users_id`, `apply_date`, `weight`, `has_assigned_matches`) VALUES ('1', '32', 'accepted', CURRENT_TIMESTAMP, '1', NULL, CURRENT_TIMESTAMP, '0', NULL);
INSERT INTO `competitions_has_teams` (`competitions_id`, `teams_id`, `state`, `join_date`, `accepted_by_users_id`, `rejected_by_users_id`, `apply_date`, `weight`, `has_assigned_matches`) VALUES ('1', '33', 'accepted', CURRENT_TIMESTAMP, '1', NULL, CURRENT_TIMESTAMP, '0', NULL);
INSERT INTO `competitions_has_teams` (`competitions_id`, `teams_id`, `state`, `join_date`, `accepted_by_users_id`, `rejected_by_users_id`, `apply_date`, `weight`, `has_assigned_matches`) VALUES ('1', '34', 'accepted', CURRENT_TIMESTAMP, '1', NULL, CURRENT_TIMESTAMP, '0', NULL);
INSERT INTO `competitions_has_teams` (`competitions_id`, `teams_id`, `state`, `join_date`, `accepted_by_users_id`, `rejected_by_users_id`, `apply_date`, `weight`, `has_assigned_matches`) VALUES ('1', '35', 'accepted', CURRENT_TIMESTAMP, '1', NULL, CURRENT_TIMESTAMP, '0', NULL);
INSERT INTO `competitions_has_teams` (`competitions_id`, `teams_id`, `state`, `join_date`, `accepted_by_users_id`, `rejected_by_users_id`, `apply_date`, `weight`, `has_assigned_matches`) VALUES ('1', '36', 'accepted', CURRENT_TIMESTAMP, '1', NULL, CURRENT_TIMESTAMP, '0', NULL);
INSERT INTO `competitions_has_teams` (`competitions_id`, `teams_id`, `state`, `join_date`, `accepted_by_users_id`, `rejected_by_users_id`, `apply_date`, `weight`, `has_assigned_matches`) VALUES ('1', '37', 'accepted', CURRENT_TIMESTAMP, '1', NULL, CURRENT_TIMESTAMP, '0', NULL);
INSERT INTO `competitions_has_teams` (`competitions_id`, `teams_id`, `state`, `join_date`, `accepted_by_users_id`, `rejected_by_users_id`, `apply_date`, `weight`, `has_assigned_matches`) VALUES ('1', '38', 'accepted', CURRENT_TIMESTAMP, '1', NULL, CURRENT_TIMESTAMP, '0', NULL);
INSERT INTO `competitions_has_teams` (`competitions_id`, `teams_id`, `state`, `join_date`, `accepted_by_users_id`, `rejected_by_users_id`, `apply_date`, `weight`, `has_assigned_matches`) VALUES ('1', '39', 'accepted', CURRENT_TIMESTAMP, '1', NULL, CURRENT_TIMESTAMP, '0', NULL);
INSERT INTO `competitions_has_teams` (`competitions_id`, `teams_id`, `state`, `join_date`, `accepted_by_users_id`, `rejected_by_users_id`, `apply_date`, `weight`, `has_assigned_matches`) VALUES ('1', '40', 'accepted', CURRENT_TIMESTAMP, '1', NULL, CURRENT_TIMESTAMP, '0', NULL);
INSERT INTO `competitions_has_teams` (`competitions_id`, `teams_id`, `state`, `join_date`, `accepted_by_users_id`, `rejected_by_users_id`, `apply_date`, `weight`, `has_assigned_matches`) VALUES ('1', '41', 'accepted', CURRENT_TIMESTAMP, '1', NULL, CURRENT_TIMESTAMP, '0', NULL);
INSERT INTO `competitions_has_teams` (`competitions_id`, `teams_id`, `state`, `join_date`, `accepted_by_users_id`, `rejected_by_users_id`, `apply_date`, `weight`, `has_assigned_matches`) VALUES ('1', '42', 'accepted', CURRENT_TIMESTAMP, '1', NULL, CURRENT_TIMESTAMP, '0', NULL);
INSERT INTO `competitions_has_teams` (`competitions_id`, `teams_id`, `state`, `join_date`, `accepted_by_users_id`, `rejected_by_users_id`, `apply_date`, `weight`, `has_assigned_matches`) VALUES ('1', '43', 'accepted', CURRENT_TIMESTAMP, '1', NULL, CURRENT_TIMESTAMP, '0', NULL);
INSERT INTO `competitions_has_teams` (`competitions_id`, `teams_id`, `state`, `join_date`, `accepted_by_users_id`, `rejected_by_users_id`, `apply_date`, `weight`, `has_assigned_matches`) VALUES ('1', '44', 'accepted', CURRENT_TIMESTAMP, '1', NULL, CURRENT_TIMESTAMP, '0', NULL);
INSERT INTO `competitions_has_teams` (`competitions_id`, `teams_id`, `state`, `join_date`, `accepted_by_users_id`, `rejected_by_users_id`, `apply_date`, `weight`, `has_assigned_matches`) VALUES ('1', '45', 'accepted', CURRENT_TIMESTAMP, '1', NULL, CURRENT_TIMESTAMP, '0', NULL);
INSERT INTO `competitions_has_teams` (`competitions_id`, `teams_id`, `state`, `join_date`, `accepted_by_users_id`, `rejected_by_users_id`, `apply_date`, `weight`, `has_assigned_matches`) VALUES ('1', '46', 'accepted', CURRENT_TIMESTAMP, '1', NULL, CURRENT_TIMESTAMP, '0', NULL);
INSERT INTO `competitions_has_teams` (`competitions_id`, `teams_id`, `state`, `join_date`, `accepted_by_users_id`, `rejected_by_users_id`, `apply_date`, `weight`, `has_assigned_matches`) VALUES ('1', '47', 'accepted', CURRENT_TIMESTAMP, '1', NULL, CURRENT_TIMESTAMP, '0', NULL);
INSERT INTO `competitions_has_teams` (`competitions_id`, `teams_id`, `state`, `join_date`, `accepted_by_users_id`, `rejected_by_users_id`, `apply_date`, `weight`, `has_assigned_matches`) VALUES ('1', '48', 'accepted', CURRENT_TIMESTAMP, '1', NULL, CURRENT_TIMESTAMP, '0', NULL);
INSERT INTO `competitions_has_teams` (`competitions_id`, `teams_id`, `state`, `join_date`, `accepted_by_users_id`, `rejected_by_users_id`, `apply_date`, `weight`, `has_assigned_matches`) VALUES ('1', '49', 'accepted', CURRENT_TIMESTAMP, '1', NULL, CURRENT_TIMESTAMP, '0', NULL);
INSERT INTO `competitions_has_teams` (`competitions_id`, `teams_id`, `state`, `join_date`, `accepted_by_users_id`, `rejected_by_users_id`, `apply_date`, `weight`, `has_assigned_matches`) VALUES ('1', '50', 'accepted', CURRENT_TIMESTAMP, '1', NULL, CURRENT_TIMESTAMP, '0', NULL);
INSERT INTO `competitions_has_teams` (`competitions_id`, `teams_id`, `state`, `join_date`, `accepted_by_users_id`, `rejected_by_users_id`, `apply_date`, `weight`, `has_assigned_matches`) VALUES ('1', '51', 'accepted', CURRENT_TIMESTAMP, '1', NULL, CURRENT_TIMESTAMP, '0', NULL);
INSERT INTO `competitions_has_teams` (`competitions_id`, `teams_id`, `state`, `join_date`, `accepted_by_users_id`, `rejected_by_users_id`, `apply_date`, `weight`, `has_assigned_matches`) VALUES ('1', '52', 'accepted', CURRENT_TIMESTAMP, '1', NULL, CURRENT_TIMESTAMP, '0', NULL);
INSERT INTO `competitions_has_teams` (`competitions_id`, `teams_id`, `state`, `join_date`, `accepted_by_users_id`, `rejected_by_users_id`, `apply_date`, `weight`, `has_assigned_matches`) VALUES ('1', '53', 'accepted', CURRENT_TIMESTAMP, '1', NULL, CURRENT_TIMESTAMP, '0', NULL);
INSERT INTO `competitions_has_teams` (`competitions_id`, `teams_id`, `state`, `join_date`, `accepted_by_users_id`, `rejected_by_users_id`, `apply_date`, `weight`, `has_assigned_matches`) VALUES ('1', '54', 'accepted', CURRENT_TIMESTAMP, '1', NULL, CURRENT_TIMESTAMP, '0', NULL);
INSERT INTO `competitions_has_teams` (`competitions_id`, `teams_id`, `state`, `join_date`, `accepted_by_users_id`, `rejected_by_users_id`, `apply_date`, `weight`, `has_assigned_matches`) VALUES ('1', '55', 'accepted', CURRENT_TIMESTAMP, '1', NULL, CURRENT_TIMESTAMP, '0', NULL);
INSERT INTO `competitions_has_teams` (`competitions_id`, `teams_id`, `state`, `join_date`, `accepted_by_users_id`, `rejected_by_users_id`, `apply_date`, `weight`, `has_assigned_matches`) VALUES ('1', '56', 'accepted', CURRENT_TIMESTAMP, '1', NULL, CURRENT_TIMESTAMP, '0', NULL);
INSERT INTO `competitions_has_teams` (`competitions_id`, `teams_id`, `state`, `join_date`, `accepted_by_users_id`, `rejected_by_users_id`, `apply_date`, `weight`, `has_assigned_matches`) VALUES ('1', '57', 'accepted', CURRENT_TIMESTAMP, '1', NULL, CURRENT_TIMESTAMP, '0', NULL);
INSERT INTO `competitions_has_teams` (`competitions_id`, `teams_id`, `state`, `join_date`, `accepted_by_users_id`, `rejected_by_users_id`, `apply_date`, `weight`, `has_assigned_matches`) VALUES ('1', '58', 'accepted', CURRENT_TIMESTAMP, '1', NULL, CURRENT_TIMESTAMP, '0', NULL);
INSERT INTO `competitions_has_teams` (`competitions_id`, `teams_id`, `state`, `join_date`, `accepted_by_users_id`, `rejected_by_users_id`, `apply_date`, `weight`, `has_assigned_matches`) VALUES ('1', '59', 'accepted', CURRENT_TIMESTAMP, '1', NULL, CURRENT_TIMESTAMP, '0', NULL);
INSERT INTO `competitions_has_teams` (`competitions_id`, `teams_id`, `state`, `join_date`, `accepted_by_users_id`, `rejected_by_users_id`, `apply_date`, `weight`, `has_assigned_matches`) VALUES ('1', '60', 'accepted', CURRENT_TIMESTAMP, '1', NULL, CURRENT_TIMESTAMP, '0', NULL);
INSERT INTO `competitions_has_teams` (`competitions_id`, `teams_id`, `state`, `join_date`, `accepted_by_users_id`, `rejected_by_users_id`, `apply_date`, `weight`, `has_assigned_matches`) VALUES ('1', '61', 'accepted', CURRENT_TIMESTAMP, '1', NULL, CURRENT_TIMESTAMP, '0', NULL);
INSERT INTO `competitions_has_teams` (`competitions_id`, `teams_id`, `state`, `join_date`, `accepted_by_users_id`, `rejected_by_users_id`, `apply_date`, `weight`, `has_assigned_matches`) VALUES ('1', '62', 'accepted', CURRENT_TIMESTAMP, '1', NULL, CURRENT_TIMESTAMP, '0', NULL);
INSERT INTO `competitions_has_teams` (`competitions_id`, `teams_id`, `state`, `join_date`, `accepted_by_users_id`, `rejected_by_users_id`, `apply_date`, `weight`, `has_assigned_matches`) VALUES ('1', '63', 'accepted', CURRENT_TIMESTAMP, '1', NULL, CURRENT_TIMESTAMP, '0', NULL);
INSERT INTO `competitions_has_teams` (`competitions_id`, `teams_id`, `state`, `join_date`, `accepted_by_users_id`, `rejected_by_users_id`, `apply_date`, `weight`, `has_assigned_matches`) VALUES ('1', '64', 'accepted', CURRENT_TIMESTAMP, '1', NULL, CURRENT_TIMESTAMP, '0', NULL);
INSERT INTO `competitions_has_teams` (`competitions_id`, `teams_id`, `state`, `join_date`, `accepted_by_users_id`, `rejected_by_users_id`, `apply_date`, `weight`, `has_assigned_matches`) VALUES ('1', '65', 'accepted', CURRENT_TIMESTAMP, '1', NULL, CURRENT_TIMESTAMP, '0', NULL);
INSERT INTO `competitions_has_teams` (`competitions_id`, `teams_id`, `state`, `join_date`, `accepted_by_users_id`, `rejected_by_users_id`, `apply_date`, `weight`, `has_assigned_matches`) VALUES ('1', '66', 'accepted', CURRENT_TIMESTAMP, '1', NULL, CURRENT_TIMESTAMP, '0', NULL);
INSERT INTO `competitions_has_teams` (`competitions_id`, `teams_id`, `state`, `join_date`, `accepted_by_users_id`, `rejected_by_users_id`, `apply_date`, `weight`, `has_assigned_matches`) VALUES ('1', '67', 'accepted', CURRENT_TIMESTAMP, '1', NULL, CURRENT_TIMESTAMP, '0', NULL);
INSERT INTO `competitions_has_teams` (`competitions_id`, `teams_id`, `state`, `join_date`, `accepted_by_users_id`, `rejected_by_users_id`, `apply_date`, `weight`, `has_assigned_matches`) VALUES ('1', '68', 'accepted', CURRENT_TIMESTAMP, '1', NULL, CURRENT_TIMESTAMP, '0', NULL);
INSERT INTO `competitions_has_teams` (`competitions_id`, `teams_id`, `state`, `join_date`, `accepted_by_users_id`, `rejected_by_users_id`, `apply_date`, `weight`, `has_assigned_matches`) VALUES ('1', '69', 'accepted', CURRENT_TIMESTAMP, '1', NULL, CURRENT_TIMESTAMP, '0', NULL);
INSERT INTO `competitions_has_teams` (`competitions_id`, `teams_id`, `state`, `join_date`, `accepted_by_users_id`, `rejected_by_users_id`, `apply_date`, `weight`, `has_assigned_matches`) VALUES ('1', '70', 'accepted', CURRENT_TIMESTAMP, '1', NULL, CURRENT_TIMESTAMP, '0', NULL);
INSERT INTO `competitions_has_teams` (`competitions_id`, `teams_id`, `state`, `join_date`, `accepted_by_users_id`, `rejected_by_users_id`, `apply_date`, `weight`, `has_assigned_matches`) VALUES ('1', '71', 'accepted', CURRENT_TIMESTAMP, '1', NULL, CURRENT_TIMESTAMP, '0', NULL);
INSERT INTO `competitions_has_teams` (`competitions_id`, `teams_id`, `state`, `join_date`, `accepted_by_users_id`, `rejected_by_users_id`, `apply_date`, `weight`, `has_assigned_matches`) VALUES ('1', '72', 'accepted', CURRENT_TIMESTAMP, '1', NULL, CURRENT_TIMESTAMP, '0', NULL);
INSERT INTO `competitions_has_teams` (`competitions_id`, `teams_id`, `state`, `join_date`, `accepted_by_users_id`, `rejected_by_users_id`, `apply_date`, `weight`, `has_assigned_matches`) VALUES ('1', '73', 'accepted', CURRENT_TIMESTAMP, '1', NULL, CURRENT_TIMESTAMP, '0', NULL);
INSERT INTO `competitions_has_teams` (`competitions_id`, `teams_id`, `state`, `join_date`, `accepted_by_users_id`, `rejected_by_users_id`, `apply_date`, `weight`, `has_assigned_matches`) VALUES ('1', '74', 'accepted', CURRENT_TIMESTAMP, '1', NULL, CURRENT_TIMESTAMP, '0', NULL);
INSERT INTO `competitions_has_teams` (`competitions_id`, `teams_id`, `state`, `join_date`, `accepted_by_users_id`, `rejected_by_users_id`, `apply_date`, `weight`, `has_assigned_matches`) VALUES ('1', '75', 'accepted', CURRENT_TIMESTAMP, '1', NULL, CURRENT_TIMESTAMP, '0', NULL);
INSERT INTO `competitions_has_teams` (`competitions_id`, `teams_id`, `state`, `join_date`, `accepted_by_users_id`, `rejected_by_users_id`, `apply_date`, `weight`, `has_assigned_matches`) VALUES ('1', '76', 'accepted', CURRENT_TIMESTAMP, '1', NULL, CURRENT_TIMESTAMP, '0', NULL);
INSERT INTO `competitions_has_teams` (`competitions_id`, `teams_id`, `state`, `join_date`, `accepted_by_users_id`, `rejected_by_users_id`, `apply_date`, `weight`, `has_assigned_matches`) VALUES ('1', '77', 'accepted', CURRENT_TIMESTAMP, '1', NULL, CURRENT_TIMESTAMP, '0', NULL);
INSERT INTO `competitions_has_teams` (`competitions_id`, `teams_id`, `state`, `join_date`, `accepted_by_users_id`, `rejected_by_users_id`, `apply_date`, `weight`, `has_assigned_matches`) VALUES ('1', '78', 'accepted', CURRENT_TIMESTAMP, '1', NULL, CURRENT_TIMESTAMP, '0', NULL);
INSERT INTO `competitions_has_teams` (`competitions_id`, `teams_id`, `state`, `join_date`, `accepted_by_users_id`, `rejected_by_users_id`, `apply_date`, `weight`, `has_assigned_matches`) VALUES ('1', '79', 'accepted', CURRENT_TIMESTAMP, '1', NULL, CURRENT_TIMESTAMP, '0', NULL);
INSERT INTO `competitions_has_teams` (`competitions_id`, `teams_id`, `state`, `join_date`, `accepted_by_users_id`, `rejected_by_users_id`, `apply_date`, `weight`, `has_assigned_matches`) VALUES ('1', '80', 'accepted', CURRENT_TIMESTAMP, '1', NULL, CURRENT_TIMESTAMP, '0', NULL);
INSERT INTO `competitions_has_teams` (`competitions_id`, `teams_id`, `state`, `join_date`, `accepted_by_users_id`, `rejected_by_users_id`, `apply_date`, `weight`, `has_assigned_matches`) VALUES ('1', '81', 'accepted', CURRENT_TIMESTAMP, '1', NULL, CURRENT_TIMESTAMP, '0', NULL);
INSERT INTO `competitions_has_teams` (`competitions_id`, `teams_id`, `state`, `join_date`, `accepted_by_users_id`, `rejected_by_users_id`, `apply_date`, `weight`, `has_assigned_matches`) VALUES ('1', '82', 'accepted', CURRENT_TIMESTAMP, '1', NULL, CURRENT_TIMESTAMP, '0', NULL);
INSERT INTO `competitions_has_teams` (`competitions_id`, `teams_id`, `state`, `join_date`, `accepted_by_users_id`, `rejected_by_users_id`, `apply_date`, `weight`, `has_assigned_matches`) VALUES ('1', '83', 'accepted', CURRENT_TIMESTAMP, '1', NULL, CURRENT_TIMESTAMP, '0', NULL);
INSERT INTO `competitions_has_teams` (`competitions_id`, `teams_id`, `state`, `join_date`, `accepted_by_users_id`, `rejected_by_users_id`, `apply_date`, `weight`, `has_assigned_matches`) VALUES ('1', '84', 'accepted', CURRENT_TIMESTAMP, '1', NULL, CURRENT_TIMESTAMP, '0', NULL);
INSERT INTO `competitions_has_teams` (`competitions_id`, `teams_id`, `state`, `join_date`, `accepted_by_users_id`, `rejected_by_users_id`, `apply_date`, `weight`, `has_assigned_matches`) VALUES ('1', '85', 'accepted', CURRENT_TIMESTAMP, '1', NULL, CURRENT_TIMESTAMP, '0', NULL);
INSERT INTO `competitions_has_teams` (`competitions_id`, `teams_id`, `state`, `join_date`, `accepted_by_users_id`, `rejected_by_users_id`, `apply_date`, `weight`, `has_assigned_matches`) VALUES ('1', '86', 'accepted', CURRENT_TIMESTAMP, '1', NULL, CURRENT_TIMESTAMP, '0', NULL);
INSERT INTO `competitions_has_teams` (`competitions_id`, `teams_id`, `state`, `join_date`, `accepted_by_users_id`, `rejected_by_users_id`, `apply_date`, `weight`, `has_assigned_matches`) VALUES ('1', '87', 'accepted', CURRENT_TIMESTAMP, '1', NULL, CURRENT_TIMESTAMP, '0', NULL);
INSERT INTO `competitions_has_teams` (`competitions_id`, `teams_id`, `state`, `join_date`, `accepted_by_users_id`, `rejected_by_users_id`, `apply_date`, `weight`, `has_assigned_matches`) VALUES ('1', '88', 'accepted', CURRENT_TIMESTAMP, '1', NULL, CURRENT_TIMESTAMP, '0', NULL);
INSERT INTO `competitions_has_teams` (`competitions_id`, `teams_id`, `state`, `join_date`, `accepted_by_users_id`, `rejected_by_users_id`, `apply_date`, `weight`, `has_assigned_matches`) VALUES ('1', '89', 'accepted', CURRENT_TIMESTAMP, '1', NULL, CURRENT_TIMESTAMP, '0', NULL);
INSERT INTO `competitions_has_teams` (`competitions_id`, `teams_id`, `state`, `join_date`, `accepted_by_users_id`, `rejected_by_users_id`, `apply_date`, `weight`, `has_assigned_matches`) VALUES ('1', '90', 'accepted', CURRENT_TIMESTAMP, '1', NULL, CURRENT_TIMESTAMP, '0', NULL);
INSERT INTO `competitions_has_teams` (`competitions_id`, `teams_id`, `state`, `join_date`, `accepted_by_users_id`, `rejected_by_users_id`, `apply_date`, `weight`, `has_assigned_matches`) VALUES ('1', '91', 'accepted', CURRENT_TIMESTAMP, '1', NULL, CURRENT_TIMESTAMP, '0', NULL);
INSERT INTO `competitions_has_teams` (`competitions_id`, `teams_id`, `state`, `join_date`, `accepted_by_users_id`, `rejected_by_users_id`, `apply_date`, `weight`, `has_assigned_matches`) VALUES ('1', '92', 'accepted', CURRENT_TIMESTAMP, '1', NULL, CURRENT_TIMESTAMP, '0', NULL);
INSERT INTO `competitions_has_teams` (`competitions_id`, `teams_id`, `state`, `join_date`, `accepted_by_users_id`, `rejected_by_users_id`, `apply_date`, `weight`, `has_assigned_matches`) VALUES ('1', '93', 'accepted', CURRENT_TIMESTAMP, '1', NULL, CURRENT_TIMESTAMP, '0', NULL);
INSERT INTO `competitions_has_teams` (`competitions_id`, `teams_id`, `state`, `join_date`, `accepted_by_users_id`, `rejected_by_users_id`, `apply_date`, `weight`, `has_assigned_matches`) VALUES ('1', '94', 'accepted', CURRENT_TIMESTAMP, '1', NULL, CURRENT_TIMESTAMP, '0', NULL);
INSERT INTO `competitions_has_teams` (`competitions_id`, `teams_id`, `state`, `join_date`, `accepted_by_users_id`, `rejected_by_users_id`, `apply_date`, `weight`, `has_assigned_matches`) VALUES ('1', '95', 'accepted', CURRENT_TIMESTAMP, '1', NULL, CURRENT_TIMESTAMP, '0', NULL);
INSERT INTO `competitions_has_teams` (`competitions_id`, `teams_id`, `state`, `join_date`, `accepted_by_users_id`, `rejected_by_users_id`, `apply_date`, `weight`, `has_assigned_matches`) VALUES ('1', '96', 'accepted', CURRENT_TIMESTAMP, '1', NULL, CURRENT_TIMESTAMP, '0', NULL);
INSERT INTO `competitions_has_teams` (`competitions_id`, `teams_id`, `state`, `join_date`, `accepted_by_users_id`, `rejected_by_users_id`, `apply_date`, `weight`, `has_assigned_matches`) VALUES ('1', '97', 'accepted', CURRENT_TIMESTAMP, '1', NULL, CURRENT_TIMESTAMP, '0', NULL);
INSERT INTO `competitions_has_teams` (`competitions_id`, `teams_id`, `state`, `join_date`, `accepted_by_users_id`, `rejected_by_users_id`, `apply_date`, `weight`, `has_assigned_matches`) VALUES ('1', '98', 'accepted', CURRENT_TIMESTAMP, '1', NULL, CURRENT_TIMESTAMP, '0', NULL);
INSERT INTO `competitions_has_teams` (`competitions_id`, `teams_id`, `state`, `join_date`, `accepted_by_users_id`, `rejected_by_users_id`, `apply_date`, `weight`, `has_assigned_matches`) VALUES ('1', '99', 'accepted', CURRENT_TIMESTAMP, '1', NULL, CURRENT_TIMESTAMP, '0', NULL);
INSERT INTO `competitions_has_teams` (`competitions_id`, `teams_id`, `state`, `join_date`, `accepted_by_users_id`, `rejected_by_users_id`, `apply_date`, `weight`, `has_assigned_matches`) VALUES ('1', '100', 'accepted', CURRENT_TIMESTAMP, '1', NULL, CURRENT_TIMESTAMP, '0', NULL);
INSERT INTO `competitions_has_teams` (`competitions_id`, `teams_id`, `state`, `join_date`, `accepted_by_users_id`, `rejected_by_users_id`, `apply_date`, `weight`, `has_assigned_matches`) VALUES ('1', '101', 'accepted', CURRENT_TIMESTAMP, '1', NULL, CURRENT_TIMESTAMP, '0', NULL);
INSERT INTO `competitions_has_teams` (`competitions_id`, `teams_id`, `state`, `join_date`, `accepted_by_users_id`, `rejected_by_users_id`, `apply_date`, `weight`, `has_assigned_matches`) VALUES ('1', '102', 'accepted', CURRENT_TIMESTAMP, '1', NULL, CURRENT_TIMESTAMP, '0', NULL);
INSERT INTO `competitions_has_teams` (`competitions_id`, `teams_id`, `state`, `join_date`, `accepted_by_users_id`, `rejected_by_users_id`, `apply_date`, `weight`, `has_assigned_matches`) VALUES ('1', '103', 'accepted', CURRENT_TIMESTAMP, '1', NULL, CURRENT_TIMESTAMP, '0', NULL);
INSERT INTO `competitions_has_teams` (`competitions_id`, `teams_id`, `state`, `join_date`, `accepted_by_users_id`, `rejected_by_users_id`, `apply_date`, `weight`, `has_assigned_matches`) VALUES ('1', '104', 'accepted', CURRENT_TIMESTAMP, '1', NULL, CURRENT_TIMESTAMP, '0', NULL);
INSERT INTO `competitions_has_teams` (`competitions_id`, `teams_id`, `state`, `join_date`, `accepted_by_users_id`, `rejected_by_users_id`, `apply_date`, `weight`, `has_assigned_matches`) VALUES ('1', '105', 'accepted', CURRENT_TIMESTAMP, '1', NULL, CURRENT_TIMESTAMP, '0', NULL);
INSERT INTO `competitions_has_teams` (`competitions_id`, `teams_id`, `state`, `join_date`, `accepted_by_users_id`, `rejected_by_users_id`, `apply_date`, `weight`, `has_assigned_matches`) VALUES ('1', '106', 'accepted', CURRENT_TIMESTAMP, '1', NULL, CURRENT_TIMESTAMP, '0', NULL);
INSERT INTO `competitions_has_teams` (`competitions_id`, `teams_id`, `state`, `join_date`, `accepted_by_users_id`, `rejected_by_users_id`, `apply_date`, `weight`, `has_assigned_matches`) VALUES ('1', '107', 'accepted', CURRENT_TIMESTAMP, '1', NULL, CURRENT_TIMESTAMP, '0', NULL);
INSERT INTO `competitions_has_teams` (`competitions_id`, `teams_id`, `state`, `join_date`, `accepted_by_users_id`, `rejected_by_users_id`, `apply_date`, `weight`, `has_assigned_matches`) VALUES ('1', '108', 'accepted', CURRENT_TIMESTAMP, '1', NULL, CURRENT_TIMESTAMP, '0', NULL);
INSERT INTO `competitions_has_teams` (`competitions_id`, `teams_id`, `state`, `join_date`, `accepted_by_users_id`, `rejected_by_users_id`, `apply_date`, `weight`, `has_assigned_matches`) VALUES ('1', '109', 'accepted', CURRENT_TIMESTAMP, '1', NULL, CURRENT_TIMESTAMP, '0', NULL);
INSERT INTO `competitions_has_teams` (`competitions_id`, `teams_id`, `state`, `join_date`, `accepted_by_users_id`, `rejected_by_users_id`, `apply_date`, `weight`, `has_assigned_matches`) VALUES ('1', '110', 'accepted', CURRENT_TIMESTAMP, '1', NULL, CURRENT_TIMESTAMP, '0', NULL);
INSERT INTO `competitions_has_teams` (`competitions_id`, `teams_id`, `state`, `join_date`, `accepted_by_users_id`, `rejected_by_users_id`, `apply_date`, `weight`, `has_assigned_matches`) VALUES ('1', '111', 'accepted', CURRENT_TIMESTAMP, '1', NULL, CURRENT_TIMESTAMP, '0', NULL);
INSERT INTO `competitions_has_teams` (`competitions_id`, `teams_id`, `state`, `join_date`, `accepted_by_users_id`, `rejected_by_users_id`, `apply_date`, `weight`, `has_assigned_matches`) VALUES ('1', '112', 'accepted', CURRENT_TIMESTAMP, '1', NULL, CURRENT_TIMESTAMP, '0', NULL);
INSERT INTO `competitions_has_teams` (`competitions_id`, `teams_id`, `state`, `join_date`, `accepted_by_users_id`, `rejected_by_users_id`, `apply_date`, `weight`, `has_assigned_matches`) VALUES ('1', '113', 'accepted', CURRENT_TIMESTAMP, '1', NULL, CURRENT_TIMESTAMP, '0', NULL);
INSERT INTO `competitions_has_teams` (`competitions_id`, `teams_id`, `state`, `join_date`, `accepted_by_users_id`, `rejected_by_users_id`, `apply_date`, `weight`, `has_assigned_matches`) VALUES ('1', '114', 'accepted', CURRENT_TIMESTAMP, '1', NULL, CURRENT_TIMESTAMP, '0', NULL);
INSERT INTO `competitions_has_teams` (`competitions_id`, `teams_id`, `state`, `join_date`, `accepted_by_users_id`, `rejected_by_users_id`, `apply_date`, `weight`, `has_assigned_matches`) VALUES ('1', '115', 'accepted', CURRENT_TIMESTAMP, '1', NULL, CURRENT_TIMESTAMP, '0', NULL);
INSERT INTO `competitions_has_teams` (`competitions_id`, `teams_id`, `state`, `join_date`, `accepted_by_users_id`, `rejected_by_users_id`, `apply_date`, `weight`, `has_assigned_matches`) VALUES ('1', '116', 'accepted', CURRENT_TIMESTAMP, '1', NULL, CURRENT_TIMESTAMP, '0', NULL);
INSERT INTO `competitions_has_teams` (`competitions_id`, `teams_id`, `state`, `join_date`, `accepted_by_users_id`, `rejected_by_users_id`, `apply_date`, `weight`, `has_assigned_matches`) VALUES ('1', '117', 'accepted', CURRENT_TIMESTAMP, '1', NULL, CURRENT_TIMESTAMP, '0', NULL);
INSERT INTO `competitions_has_teams` (`competitions_id`, `teams_id`, `state`, `join_date`, `accepted_by_users_id`, `rejected_by_users_id`, `apply_date`, `weight`, `has_assigned_matches`) VALUES ('1', '118', 'accepted', CURRENT_TIMESTAMP, '1', NULL, CURRENT_TIMESTAMP, '0', NULL);
INSERT INTO `competitions_has_teams` (`competitions_id`, `teams_id`, `state`, `join_date`, `accepted_by_users_id`, `rejected_by_users_id`, `apply_date`, `weight`, `has_assigned_matches`) VALUES ('1', '119', 'accepted', CURRENT_TIMESTAMP, '1', NULL, CURRENT_TIMESTAMP, '0', NULL);
INSERT INTO `competitions_has_teams` (`competitions_id`, `teams_id`, `state`, `join_date`, `accepted_by_users_id`, `rejected_by_users_id`, `apply_date`, `weight`, `has_assigned_matches`) VALUES ('1', '120', 'accepted', CURRENT_TIMESTAMP, '1', NULL, CURRENT_TIMESTAMP, '0', NULL);
INSERT INTO `competitions_has_teams` (`competitions_id`, `teams_id`, `state`, `join_date`, `accepted_by_users_id`, `rejected_by_users_id`, `apply_date`, `weight`, `has_assigned_matches`) VALUES ('1', '121', 'accepted', CURRENT_TIMESTAMP, '1', NULL, CURRENT_TIMESTAMP, '0', NULL);
INSERT INTO `competitions_has_teams` (`competitions_id`, `teams_id`, `state`, `join_date`, `accepted_by_users_id`, `rejected_by_users_id`, `apply_date`, `weight`, `has_assigned_matches`) VALUES ('1', '122', 'accepted', CURRENT_TIMESTAMP, '1', NULL, CURRENT_TIMESTAMP, '0', NULL);
INSERT INTO `competitions_has_teams` (`competitions_id`, `teams_id`, `state`, `join_date`, `accepted_by_users_id`, `rejected_by_users_id`, `apply_date`, `weight`, `has_assigned_matches`) VALUES ('1', '123', 'accepted', CURRENT_TIMESTAMP, '1', NULL, CURRENT_TIMESTAMP, '0', NULL);
INSERT INTO `competitions_has_teams` (`competitions_id`, `teams_id`, `state`, `join_date`, `accepted_by_users_id`, `rejected_by_users_id`, `apply_date`, `weight`, `has_assigned_matches`) VALUES ('1', '124', 'accepted', CURRENT_TIMESTAMP, '1', NULL, CURRENT_TIMESTAMP, '0', NULL);
INSERT INTO `competitions_has_teams` (`competitions_id`, `teams_id`, `state`, `join_date`, `accepted_by_users_id`, `rejected_by_users_id`, `apply_date`, `weight`, `has_assigned_matches`) VALUES ('1', '125', 'accepted', CURRENT_TIMESTAMP, '1', NULL, CURRENT_TIMESTAMP, '0', NULL);
INSERT INTO `competitions_has_teams` (`competitions_id`, `teams_id`, `state`, `join_date`, `accepted_by_users_id`, `rejected_by_users_id`, `apply_date`, `weight`, `has_assigned_matches`) VALUES ('1', '126', 'accepted', CURRENT_TIMESTAMP, '1', NULL, CURRENT_TIMESTAMP, '0', NULL);
INSERT INTO `competitions_has_teams` (`competitions_id`, `teams_id`, `state`, `join_date`, `accepted_by_users_id`, `rejected_by_users_id`, `apply_date`, `weight`, `has_assigned_matches`) VALUES ('1', '127', 'accepted', CURRENT_TIMESTAMP, '1', NULL, CURRENT_TIMESTAMP, '0', NULL);
INSERT INTO `competitions_has_teams` (`competitions_id`, `teams_id`, `state`, `join_date`, `accepted_by_users_id`, `rejected_by_users_id`, `apply_date`, `weight`, `has_assigned_matches`) VALUES ('1', '128', 'accepted', CURRENT_TIMESTAMP, '1', NULL, CURRENT_TIMESTAMP, '0', NULL);
